timestamp	commit	skill	old_score	new_score	status	dimension	note	eval_mode
2026-07-28T00:30	round3	project-analyzer	78	81	improved	dim3	+失败处理	dry_run
2026-07-28T00:30	round3	project-planner	79	82	improved	dim3	+失败处理	dry_run
2026-07-28T00:30	round3	project-architect	77	77	keep	-	已达瓶颈	dry_run
2026-07-28T00:30	round3	project-generator	78	81	improved	dim3	+失败处理	dry_run
2026-07-28T00:30	round3	project-tester	76	79	improved	dim3	+失败处理	dry_run
2026-07-28T00:30	round3	project-reviewer	79	79	keep	-	已达瓶颈	dry_run
2026-07-28T00:30	round3	project-refactorer	75	78	improved	dim3	+失败处理	dry_run
2026-07-28T00:30	round3	project-documenter	78	78	keep	-	已达瓶颈	dry_run
2026-07-28T00:30	round3	project-releaser	74	77	improved	dim3	+失败处理	dry_run
